{"cameraMode":{"drawMode":0,"name":"Shaded","section":"Shading Mode"},"sceneLighting":false,"audioPlay":false,"sceneViewState":{"m_AlwaysRefresh":false,"showFog":true,"showSkybox":true,"showFlares":true,"showImageEffects":true,"showParticleSystems":true,"showVisualEffectGraphs":true,"m_FxEnabled":true},"in2DMode":false,"pivot":{"x":-0.44833284616470339,"y":2.3478598594665529,"z":4.249741554260254},"rotation":{"x":-0.002608096692711115,"y":0.9907442331314087,"z":-0.13456909358501435,"w":-0.019325891509652139},"size":5.052425861358643,"orthographic":true}